title,company,location,link
인공지능(AI)·딥러닝 데이터 엔지니어 채용,(주)모아이스,서울,https://www.saramin.co.kr/zf_user/jobs/relay/view?isMypage=no&rec_idx=40158756&recommend_ids=eJxVzrsBwzAIBNBp0oPgDlRnEO%2B%2FRXCCJaV8fA5cRgSpFyZe8fYvwT%2B6n%2FTAJjNNFnWwCkXvYU07dlNMcLIGFgWaqRdldPKg2HHo4dXZVJM4%2Bg%2B7L6QjOs7mVFjWo9QfrWSbgFg2a9fdfG4qFXNHeSjHelSQAbn5AYMwR6w%3D&view_type=search&searchword=PYTHON&searchType=default_mysearch&gz=1&t_ref_content=generic&t_ref=search&paid_fl=n#seq=0
NICE 지니데이타(주)  데이터운영팀 채용공고,나이스지니데이타주식회사,서울,https://www.saramin.co.kr/zf_user/jobs/relay/view?isMypage=no&rec_idx=40268773&recommend_ids=eJxVzrsBwzAIBNBp0oPgDlRnEO%2B%2FRXCCJaV8fA5cRgSpFyZe8fYvwT%2B6n%2FTAJjNNFnWwCkXvYU07dlNMcLIGFgWaqRdldPKg2HHo4dXZVJM4%2Bg%2B7L6QjOs7mVFjWo9QfrWSbgFg2a9fdfG4qFXNHeSjHelSQAbn5AYMwR6w%3D&view_type=search&searchword=PYTHON&searchType=default_mysearch&gz=1&t_ref_content=generic&t_ref=search&paid_fl=n#seq=0
NICE 지니데이타(주) 데이터분석 컨설팅 경력사원 채용,나이스지니데이타주식회사,서울,https://www.saramin.co.kr/zf_user/jobs/relay/view?isMypage=no&rec_idx=40269363&recommend_ids=eJxVzrsBwzAIBNBp0oPgDlRnEO%2B%2FRXCCJaV8fA5cRgSpFyZe8fYvwT%2B6n%2FTAJjNNFnWwCkXvYU07dlNMcLIGFgWaqRdldPKg2HHo4dXZVJM4%2Bg%2B7L6QjOs7mVFjWo9QfrWSbgFg2a9fdfG4qFXNHeSjHelSQAbn5AYMwR6w%3D&view_type=search&searchword=PYTHON&searchType=default_mysearch&gz=1&t_ref_content=generic&t_ref=search&paid_fl=n#seq=0
인공지능(AI)·빅데이터 정규직 채용-경력&신입(병역특례 가능),(주)스마트디아그노시스,서울,https://www.saramin.co.kr/zf_user/jobs/relay/view?isMypage=no&rec_idx=39942193&recommend_ids=eJxVzrsBwzAIBNBp0oPgDlRnEO%2B%2FRXCCJaV8fA5cRgSpFyZe8fYvwT%2B6n%2FTAJjNNFnWwCkXvYU07dlNMcLIGFgWaqRdldPKg2HHo4dXZVJM4%2Bg%2B7L6QjOs7mVFjWo9QfrWSbgFg2a9fdfG4qFXNHeSjHelSQAbn5AYMwR6w%3D&view_type=search&searchword=PYTHON&searchType=default_mysearch&gz=1&t_ref_content=generic&t_ref=search&paid_fl=n#seq=0
빅데이터 분석 및 Business Analytics 컨설턴트 채용,(주)에이블애널리틱스,경기,https://www.saramin.co.kr/zf_user/jobs/relay/view?isMypage=no&rec_idx=40017723&recommend_ids=eJxVzrsBwzAIBNBp0oPgDlRnEO%2B%2FRXCCJaV8fA5cRgSpFyZe8fYvwT%2B6n%2FTAJjNNFnWwCkXvYU07dlNMcLIGFgWaqRdldPKg2HHo4dXZVJM4%2Bg%2B7L6QjOs7mVFjWo9QfrWSbgFg2a9fdfG4qFXNHeSjHelSQAbn5AYMwR6w%3D&view_type=search&searchword=PYTHON&searchType=default_mysearch&gz=1&t_ref_content=generic&t_ref=search&paid_fl=n#seq=0
"마케팅 분석, 전략, 콘텐츠 전문가 채용 / (주)어센트코리아",(주)어센트코리아,서울,https://www.saramin.co.kr/zf_user/jobs/relay/view?isMypage=no&rec_idx=40196217&recommend_ids=eJxVzrsBwzAIBNBp0oPgDlRnEO%2B%2FRXCCJaV8fA5cRgSpFyZe8fYvwT%2B6n%2FTAJjNNFnWwCkXvYU07dlNMcLIGFgWaqRdldPKg2HHo4dXZVJM4%2Bg%2B7L6QjOs7mVFjWo9QfrWSbgFg2a9fdfG4qFXNHeSjHelSQAbn5AYMwR6w%3D&view_type=search&searchword=PYTHON&searchType=default_mysearch&gz=1&t_ref_content=generic&t_ref=search&paid_fl=n#seq=0
골프 플랫폼 사업 신입 및 경력직 채용,(주)에이아이더뉴트리진 서울사무소,서울,https://www.saramin.co.kr/zf_user/jobs/relay/view?isMypage=no&rec_idx=40226956&recommend_ids=eJxVzrsBwzAIBNBp0oPgDlRnEO%2B%2FRXCCJaV8fA5cRgSpFyZe8fYvwT%2B6n%2FTAJjNNFnWwCkXvYU07dlNMcLIGFgWaqRdldPKg2HHo4dXZVJM4%2Bg%2B7L6QjOs7mVFjWo9QfrWSbgFg2a9fdfG4qFXNHeSjHelSQAbn5AYMwR6w%3D&view_type=search&searchword=PYTHON&searchType=default_mysearch&gz=1&t_ref_content=generic&t_ref=search&paid_fl=n#seq=0
[국내유명기업/주5일] IT관련(AI) 사무지원 업무,에이치알서비스 주식회사,서울전체,https://www.saramin.co.kr/zf_user/jobs/relay/view?isMypage=no&rec_idx=40230937&recommend_ids=eJxVzrsBwzAIBNBp0oPgDlRnEO%2B%2FRXCCJaV8fA5cRgSpFyZe8fYvwT%2B6n%2FTAJjNNFnWwCkXvYU07dlNMcLIGFgWaqRdldPKg2HHo4dXZVJM4%2Bg%2B7L6QjOs7mVFjWo9QfrWSbgFg2a9fdfG4qFXNHeSjHelSQAbn5AYMwR6w%3D&view_type=search&searchword=PYTHON&searchType=default_mysearch&gz=1&t_ref_content=generic&t_ref=search&paid_fl=n#seq=0
2021년 각 부문별 신입/경력 사원 모집,포메이션랩스(주),경남,https://www.saramin.co.kr/zf_user/jobs/relay/view?isMypage=no&rec_idx=39973826&recommend_ids=eJxVzrsBwzAIBNBp0oPgDlRnEO%2B%2FRXCCJaV8fA5cRgSpFyZe8fYvwT%2B6n%2FTAJjNNFnWwCkXvYU07dlNMcLIGFgWaqRdldPKg2HHo4dXZVJM4%2Bg%2B7L6QjOs7mVFjWo9QfrWSbgFg2a9fdfG4qFXNHeSjHelSQAbn5AYMwR6w%3D&view_type=search&searchword=PYTHON&searchType=default_mysearch&gz=1&t_ref_content=generic&t_ref=search&paid_fl=n#seq=0
"AI, 머신러닝 데이터분석가 신입/경력직 채용",(주)에이아이더뉴트리진 서울사무소,서울,https://www.saramin.co.kr/zf_user/jobs/relay/view?isMypage=no&rec_idx=39530040&recommend_ids=eJxVzrsBwzAIBNBp0oPgDlRnEO%2B%2FRXCCJaV8fA5cRgSpFyZe8fYvwT%2B6n%2FTAJjNNFnWwCkXvYU07dlNMcLIGFgWaqRdldPKg2HHo4dXZVJM4%2Bg%2B7L6QjOs7mVFjWo9QfrWSbgFg2a9fdfG4qFXNHeSjHelSQAbn5AYMwR6w%3D&view_type=search&searchword=PYTHON&searchType=default_mysearch&gz=1&t_ref_content=generic&t_ref=search&paid_fl=n#seq=0
통계/빅데이터컨설팅/경영컨설팅 부문 컨설턴트 모집,세종경영자문(주),서울,https://www.saramin.co.kr/zf_user/jobs/relay/view?isMypage=no&rec_idx=40179010&recommend_ids=eJxVzrsBwzAIBNBp0oPgDlRnEO%2B%2FRXCCJaV8fA5cRgSpFyZe8fYvwT%2B6n%2FTAJjNNFnWwCkXvYU07dlNMcLIGFgWaqRdldPKg2HHo4dXZVJM4%2Bg%2B7L6QjOs7mVFjWo9QfrWSbgFg2a9fdfG4qFXNHeSjHelSQAbn5AYMwR6w%3D&view_type=search&searchword=PYTHON&searchType=default_mysearch&gz=1&t_ref_content=generic&t_ref=search&paid_fl=n#seq=0
웹 크롤러 개발자 모집,(주)텐스페이스,서울,https://www.saramin.co.kr/zf_user/jobs/relay/view?isMypage=no&rec_idx=40266476&recommend_ids=eJxVzrsBwzAIBNBp0oPgDlRnEO%2B%2FRXCCJaV8fA5cRgSpFyZe8fYvwT%2B6n%2FTAJjNNFnWwCkXvYU07dlNMcLIGFgWaqRdldPKg2HHo4dXZVJM4%2Bg%2B7L6QjOs7mVFjWo9QfrWSbgFg2a9fdfG4qFXNHeSjHelSQAbn5AYMwR6w%3D&view_type=search&searchword=PYTHON&searchType=default_mysearch&gz=1&t_ref_content=generic&t_ref=search&paid_fl=n#seq=0
"경력- 소프트웨어 개발 (머신비젼, 자동화, C++, C#, AI 딥러닝,",(주)에이아이엠,경기,https://www.saramin.co.kr/zf_user/jobs/relay/view?isMypage=no&rec_idx=40265318&recommend_ids=eJxVzrsBwzAIBNBp0oPgDlRnEO%2B%2FRXCCJaV8fA5cRgSpFyZe8fYvwT%2B6n%2FTAJjNNFnWwCkXvYU07dlNMcLIGFgWaqRdldPKg2HHo4dXZVJM4%2Bg%2B7L6QjOs7mVFjWo9QfrWSbgFg2a9fdfG4qFXNHeSjHelSQAbn5AYMwR6w%3D&view_type=search&searchword=PYTHON&searchType=default_mysearch&gz=1&t_ref_content=generic&t_ref=search&paid_fl=n#seq=0
"(신입, 경력) 머지플러스 사업 전략 기획팀 모집",머지플러스(주),서울,https://www.saramin.co.kr/zf_user/jobs/relay/view?isMypage=no&rec_idx=40274543&recommend_ids=eJxVzrsBwzAIBNBp0oPgDlRnEO%2B%2FRXCCJaV8fA5cRgSpFyZe8fYvwT%2B6n%2FTAJjNNFnWwCkXvYU07dlNMcLIGFgWaqRdldPKg2HHo4dXZVJM4%2Bg%2B7L6QjOs7mVFjWo9QfrWSbgFg2a9fdfG4qFXNHeSjHelSQAbn5AYMwR6w%3D&view_type=search&searchword=PYTHON&searchType=default_mysearch&gz=1&t_ref_content=generic&t_ref=search&paid_fl=n#seq=0
[헤일로에이트] 빅데이터/AI 기반 데이터 분석가,(주)헤일로에이트,서울,https://www.saramin.co.kr/zf_user/jobs/relay/view?isMypage=no&rec_idx=40273643&recommend_ids=eJxVzrsBwzAIBNBp0oPgDlRnEO%2B%2FRXCCJaV8fA5cRgSpFyZe8fYvwT%2B6n%2FTAJjNNFnWwCkXvYU07dlNMcLIGFgWaqRdldPKg2HHo4dXZVJM4%2Bg%2B7L6QjOs7mVFjWo9QfrWSbgFg2a9fdfG4qFXNHeSjHelSQAbn5AYMwR6w%3D&view_type=search&searchword=PYTHON&searchType=default_mysearch&gz=1&t_ref_content=generic&t_ref=search&paid_fl=n#seq=0
인공지능 연구/개발자 채용,(주)소이넷,경기,https://www.saramin.co.kr/zf_user/jobs/relay/view?isMypage=no&rec_idx=40280867&recommend_ids=eJxVzrsBwzAIBNBp0oPgDlRnEO%2B%2FRXCCJaV8fA5cRgSpFyZe8fYvwT%2B6n%2FTAJjNNFnWwCkXvYU07dlNMcLIGFgWaqRdldPKg2HHo4dXZVJM4%2Bg%2B7L6QjOs7mVFjWo9QfrWSbgFg2a9fdfG4qFXNHeSjHelSQAbn5AYMwR6w%3D&view_type=search&searchword=PYTHON&searchType=default_mysearch&gz=1&t_ref_content=generic&t_ref=search&paid_fl=n#seq=0
웹 or 앱 개발자 모집 신입&경력1년이상,로컬플랫폼랩,부산,https://www.saramin.co.kr/zf_user/jobs/relay/view?isMypage=no&rec_idx=40176037&recommend_ids=eJxVzrsBwzAIBNBp0oPgDlRnEO%2B%2FRXCCJaV8fA5cRgSpFyZe8fYvwT%2B6n%2FTAJjNNFnWwCkXvYU07dlNMcLIGFgWaqRdldPKg2HHo4dXZVJM4%2Bg%2B7L6QjOs7mVFjWo9QfrWSbgFg2a9fdfG4qFXNHeSjHelSQAbn5AYMwR6w%3D&view_type=search&searchword=PYTHON&searchType=default_mysearch&gz=1&t_ref_content=generic&t_ref=search&paid_fl=n#seq=0
송파구 위치 대기업 계열 인터넷 쇼핑몰 PMO 차-부장급,한스컨설팅,서울,https://www.saramin.co.kr/zf_user/jobs/relay/view?isMypage=no&rec_idx=40253279&recommend_ids=eJxVzrsBwzAIBNBp0oPgDlRnEO%2B%2FRXCCJaV8fA5cRgSpFyZe8fYvwT%2B6n%2FTAJjNNFnWwCkXvYU07dlNMcLIGFgWaqRdldPKg2HHo4dXZVJM4%2Bg%2B7L6QjOs7mVFjWo9QfrWSbgFg2a9fdfG4qFXNHeSjHelSQAbn5AYMwR6w%3D&view_type=search&searchword=PYTHON&searchType=default_mysearch&gz=1&t_ref_content=generic&t_ref=search&paid_fl=n#seq=0
[경력무관] Data Scientist 채용합니다.,크레파스솔루션(주),서울,https://www.saramin.co.kr/zf_user/jobs/relay/view?isMypage=no&rec_idx=40267076&recommend_ids=eJxVzrsBwzAIBNBp0oPgDlRnEO%2B%2FRXCCJaV8fA5cRgSpFyZe8fYvwT%2B6n%2FTAJjNNFnWwCkXvYU07dlNMcLIGFgWaqRdldPKg2HHo4dXZVJM4%2Bg%2B7L6QjOs7mVFjWo9QfrWSbgFg2a9fdfG4qFXNHeSjHelSQAbn5AYMwR6w%3D&view_type=search&searchword=PYTHON&searchType=default_mysearch&gz=1&t_ref_content=generic&t_ref=search&paid_fl=n#seq=0
인공지능 개발자(컴퓨터비전/영상처리) 채용,스마트선박벤처기술,부산,https://www.saramin.co.kr/zf_user/jobs/relay/view?isMypage=no&rec_idx=40131476&recommend_ids=eJxVzrsBwzAIBNBp0oPgDlRnEO%2B%2FRXCCJaV8fA5cRgSpFyZe8fYvwT%2B6n%2FTAJjNNFnWwCkXvYU07dlNMcLIGFgWaqRdldPKg2HHo4dXZVJM4%2Bg%2B7L6QjOs7mVFjWo9QfrWSbgFg2a9fdfG4qFXNHeSjHelSQAbn5AYMwR6w%3D&view_type=search&searchword=PYTHON&searchType=default_mysearch&gz=1&t_ref_content=generic&t_ref=search&paid_fl=n#seq=0
[정규직] 텍스트 분석 신입사원 채용,(주)인사이저,서울,https://www.saramin.co.kr/zf_user/jobs/relay/view?isMypage=no&rec_idx=40219037&recommend_ids=eJxVzrsBwzAIBNBp0oPgDlRnEO%2B%2FRXCCJaV8fA5cRgSpFyZe8fYvwT%2B6n%2FTAJjNNFnWwCkXvYU07dlNMcLIGFgWaqRdldPKg2HHo4dXZVJM4%2Bg%2B7L6QjOs7mVFjWo9QfrWSbgFg2a9fdfG4qFXNHeSjHelSQAbn5AYMwR6w%3D&view_type=search&searchword=PYTHON&searchType=default_mysearch&gz=1&t_ref_content=generic&t_ref=search&paid_fl=n#seq=0
데이터 분석 및 사업 기획 신규/경력직 모집,(주)마크클라우드,서울,https://www.saramin.co.kr/zf_user/jobs/relay/view?isMypage=no&rec_idx=39859327&recommend_ids=eJxVzrsBwzAIBNBp0oPgDlRnEO%2B%2FRXCCJaV8fA5cRgSpFyZe8fYvwT%2B6n%2FTAJjNNFnWwCkXvYU07dlNMcLIGFgWaqRdldPKg2HHo4dXZVJM4%2Bg%2B7L6QjOs7mVFjWo9QfrWSbgFg2a9fdfG4qFXNHeSjHelSQAbn5AYMwR6w%3D&view_type=search&searchword=PYTHON&searchType=default_mysearch&gz=1&t_ref_content=generic&t_ref=search&paid_fl=n#seq=0
[와이폴라리스] 비전 AI 개발자 / 사무직 모집,와이폴라리스 주식회사,서울,https://www.saramin.co.kr/zf_user/jobs/relay/view?isMypage=no&rec_idx=40096027&recommend_ids=eJxVzrsBwzAIBNBp0oPgDlRnEO%2B%2FRXCCJaV8fA5cRgSpFyZe8fYvwT%2B6n%2FTAJjNNFnWwCkXvYU07dlNMcLIGFgWaqRdldPKg2HHo4dXZVJM4%2Bg%2B7L6QjOs7mVFjWo9QfrWSbgFg2a9fdfG4qFXNHeSjHelSQAbn5AYMwR6w%3D&view_type=search&searchword=PYTHON&searchType=default_mysearch&gz=1&t_ref_content=generic&t_ref=search&paid_fl=n#seq=0
[와이폴라리스] 비전 AI 개발자 모집,와이폴라리스 주식회사,서울,https://www.saramin.co.kr/zf_user/jobs/relay/view?isMypage=no&rec_idx=40139254&recommend_ids=eJxVzrsBwzAIBNBp0oPgDlRnEO%2B%2FRXCCJaV8fA5cRgSpFyZe8fYvwT%2B6n%2FTAJjNNFnWwCkXvYU07dlNMcLIGFgWaqRdldPKg2HHo4dXZVJM4%2Bg%2B7L6QjOs7mVFjWo9QfrWSbgFg2a9fdfG4qFXNHeSjHelSQAbn5AYMwR6w%3D&view_type=search&searchword=PYTHON&searchType=default_mysearch&gz=1&t_ref_content=generic&t_ref=search&paid_fl=n#seq=0
함께 즐겁게 일하실 드론 개발/연구 엔지니어 인재 모집합니다,(주)군집텍,서울,https://www.saramin.co.kr/zf_user/jobs/relay/view?isMypage=no&rec_idx=40191658&recommend_ids=eJxVzrsBwzAIBNBp0oPgDlRnEO%2B%2FRXCCJaV8fA5cRgSpFyZe8fYvwT%2B6n%2FTAJjNNFnWwCkXvYU07dlNMcLIGFgWaqRdldPKg2HHo4dXZVJM4%2Bg%2B7L6QjOs7mVFjWo9QfrWSbgFg2a9fdfG4qFXNHeSjHelSQAbn5AYMwR6w%3D&view_type=search&searchword=PYTHON&searchType=default_mysearch&gz=1&t_ref_content=generic&t_ref=search&paid_fl=n#seq=0
스마트팜 제어 회로 및 시스템 개발,에스지,전남,https://www.saramin.co.kr/zf_user/jobs/relay/view?isMypage=no&rec_idx=40203779&recommend_ids=eJxVzrsBwzAIBNBp0oPgDlRnEO%2B%2FRXCCJaV8fA5cRgSpFyZe8fYvwT%2B6n%2FTAJjNNFnWwCkXvYU07dlNMcLIGFgWaqRdldPKg2HHo4dXZVJM4%2Bg%2B7L6QjOs7mVFjWo9QfrWSbgFg2a9fdfG4qFXNHeSjHelSQAbn5AYMwR6w%3D&view_type=search&searchword=PYTHON&searchType=default_mysearch&gz=1&t_ref_content=generic&t_ref=search&paid_fl=n#seq=0
(주)디구루 [데이터분석] 빅데이터 컨설턴트/분석가 모집,(주)디구루,경기,https://www.saramin.co.kr/zf_user/jobs/relay/view?isMypage=no&rec_idx=39966421&recommend_ids=eJxVzrsBwzAIBNBp0oPgDlRnEO%2B%2FRXCCJaV8fA5cRgSpFyZe8fYvwT%2B6n%2FTAJjNNFnWwCkXvYU07dlNMcLIGFgWaqRdldPKg2HHo4dXZVJM4%2Bg%2B7L6QjOs7mVFjWo9QfrWSbgFg2a9fdfG4qFXNHeSjHelSQAbn5AYMwR6w%3D&view_type=search&searchword=PYTHON&searchType=default_mysearch&gz=1&t_ref_content=generic&t_ref=search&paid_fl=n#seq=0
[MILVUS] 데이터 분석 마케팅(신입),(주)밀버스,서울,https://www.saramin.co.kr/zf_user/jobs/relay/view?isMypage=no&rec_idx=39992788&recommend_ids=eJxVzrsBwzAIBNBp0oPgDlRnEO%2B%2FRXCCJaV8fA5cRgSpFyZe8fYvwT%2B6n%2FTAJjNNFnWwCkXvYU07dlNMcLIGFgWaqRdldPKg2HHo4dXZVJM4%2Bg%2B7L6QjOs7mVFjWo9QfrWSbgFg2a9fdfG4qFXNHeSjHelSQAbn5AYMwR6w%3D&view_type=search&searchword=PYTHON&searchType=default_mysearch&gz=1&t_ref_content=generic&t_ref=search&paid_fl=n#seq=0
[MILVUS] 데이터분석 및 시각화 담당자 / BI 영업사원 모집,(주)밀버스,서울,https://www.saramin.co.kr/zf_user/jobs/relay/view?isMypage=no&rec_idx=40170018&recommend_ids=eJxVzrsBwzAIBNBp0oPgDlRnEO%2B%2FRXCCJaV8fA5cRgSpFyZe8fYvwT%2B6n%2FTAJjNNFnWwCkXvYU07dlNMcLIGFgWaqRdldPKg2HHo4dXZVJM4%2Bg%2B7L6QjOs7mVFjWo9QfrWSbgFg2a9fdfG4qFXNHeSjHelSQAbn5AYMwR6w%3D&view_type=search&searchword=PYTHON&searchType=default_mysearch&gz=1&t_ref_content=generic&t_ref=search&paid_fl=n#seq=0
[아이트럭] Machine Learning 개발자 모집,(주)아이트럭,서울,https://www.saramin.co.kr/zf_user/jobs/relay/view?isMypage=no&rec_idx=40254781&recommend_ids=eJxVzrsBwzAIBNBp0oPgDlRnEO%2B%2FRXCCJaV8fA5cRgSpFyZe8fYvwT%2B6n%2FTAJjNNFnWwCkXvYU07dlNMcLIGFgWaqRdldPKg2HHo4dXZVJM4%2Bg%2B7L6QjOs7mVFjWo9QfrWSbgFg2a9fdfG4qFXNHeSjHelSQAbn5AYMwR6w%3D&view_type=search&searchword=PYTHON&searchType=default_mysearch&gz=1&t_ref_content=generic&t_ref=search&paid_fl=n#seq=0
2021년 상반기 엔지니어 정규직(신입&경력) 채용,블루닷(주),서울,https://www.saramin.co.kr/zf_user/jobs/relay/view?isMypage=no&rec_idx=40279313&recommend_ids=eJxVzrsBwzAIBNBp0oPgDlRnEO%2B%2FRXCCJaV8fA5cRgSpFyZe8fYvwT%2B6n%2FTAJjNNFnWwCkXvYU07dlNMcLIGFgWaqRdldPKg2HHo4dXZVJM4%2Bg%2B7L6QjOs7mVFjWo9QfrWSbgFg2a9fdfG4qFXNHeSjHelSQAbn5AYMwR6w%3D&view_type=search&searchword=PYTHON&searchType=default_mysearch&gz=1&t_ref_content=generic&t_ref=search&paid_fl=n#seq=0
[서울아산병원 연구중심병원과제] 의료영상 분석 및 SW 개발자,서울아산병원,서울,https://www.saramin.co.kr/zf_user/jobs/relay/view?isMypage=no&rec_idx=40151023&recommend_ids=eJxVzrsBwzAIBNBp0oPgDlRnEO%2B%2FRXCCJaV8fA5cRgSpFyZe8fYvwT%2B6n%2FTAJjNNFnWwCkXvYU07dlNMcLIGFgWaqRdldPKg2HHo4dXZVJM4%2Bg%2B7L6QjOs7mVFjWo9QfrWSbgFg2a9fdfG4qFXNHeSjHelSQAbn5AYMwR6w%3D&view_type=search&searchword=PYTHON&searchType=default_mysearch&gz=1&t_ref_content=generic&t_ref=search&paid_fl=n#seq=0
테크팀 개발자 채용 (Django Backend),(주)볼드코퍼레이션,서울,https://www.saramin.co.kr/zf_user/jobs/relay/view?isMypage=no&rec_idx=40271212&recommend_ids=eJxVzrsBwzAIBNBp0oPgDlRnEO%2B%2FRXCCJaV8fA5cRgSpFyZe8fYvwT%2B6n%2FTAJjNNFnWwCkXvYU07dlNMcLIGFgWaqRdldPKg2HHo4dXZVJM4%2Bg%2B7L6QjOs7mVFjWo9QfrWSbgFg2a9fdfG4qFXNHeSjHelSQAbn5AYMwR6w%3D&view_type=search&searchword=PYTHON&searchType=default_mysearch&gz=1&t_ref_content=generic&t_ref=search&paid_fl=n#seq=0
(정규직) 기업부설연구소 연구원 모집 (신입가능),(주)대은계전,제주,https://www.saramin.co.kr/zf_user/jobs/relay/view?isMypage=no&rec_idx=40226989&recommend_ids=eJxVzrsBwzAIBNBp0oPgDlRnEO%2B%2FRXCCJaV8fA5cRgSpFyZe8fYvwT%2B6n%2FTAJjNNFnWwCkXvYU07dlNMcLIGFgWaqRdldPKg2HHo4dXZVJM4%2Bg%2B7L6QjOs7mVFjWo9QfrWSbgFg2a9fdfG4qFXNHeSjHelSQAbn5AYMwR6w%3D&view_type=search&searchword=PYTHON&searchType=default_mysearch&gz=1&t_ref_content=generic&t_ref=search&paid_fl=n#seq=0
연구·실험·기술&생명공학 계약직 모집(각 분야별),대구경북과학기술원부설한국뇌연구원,대구,https://www.saramin.co.kr/zf_user/jobs/relay/view?isMypage=no&rec_idx=40191839&recommend_ids=eJxVzrsBwzAIBNBp0oPgDlRnEO%2B%2FRXCCJaV8fA5cRgSpFyZe8fYvwT%2B6n%2FTAJjNNFnWwCkXvYU07dlNMcLIGFgWaqRdldPKg2HHo4dXZVJM4%2Bg%2B7L6QjOs7mVFjWo9QfrWSbgFg2a9fdfG4qFXNHeSjHelSQAbn5AYMwR6w%3D&view_type=search&searchword=PYTHON&searchType=default_mysearch&gz=1&t_ref_content=generic&t_ref=search&paid_fl=n#seq=0
(주)티앤에프 평택공장 IT지원팀 신규 직원 채용,(주)티앤에프,경기,https://www.saramin.co.kr/zf_user/jobs/relay/view?isMypage=no&rec_idx=40124542&recommend_ids=eJxVzrsBwzAIBNBp0oPgDlRnEO%2B%2FRXCCJaV8fA5cRgSpFyZe8fYvwT%2B6n%2FTAJjNNFnWwCkXvYU07dlNMcLIGFgWaqRdldPKg2HHo4dXZVJM4%2Bg%2B7L6QjOs7mVFjWo9QfrWSbgFg2a9fdfG4qFXNHeSjHelSQAbn5AYMwR6w%3D&view_type=search&searchword=PYTHON&searchType=default_mysearch&gz=1&t_ref_content=generic&t_ref=search&paid_fl=n#seq=0
"테라젠바이오 국가과제팀 개발자, 연구원 채용",(주)테라젠바이오,경기,https://www.saramin.co.kr/zf_user/jobs/relay/view?isMypage=no&rec_idx=40132178&recommend_ids=eJxVzrsBwzAIBNBp0oPgDlRnEO%2B%2FRXCCJaV8fA5cRgSpFyZe8fYvwT%2B6n%2FTAJjNNFnWwCkXvYU07dlNMcLIGFgWaqRdldPKg2HHo4dXZVJM4%2Bg%2B7L6QjOs7mVFjWo9QfrWSbgFg2a9fdfG4qFXNHeSjHelSQAbn5AYMwR6w%3D&view_type=search&searchword=PYTHON&searchType=default_mysearch&gz=1&t_ref_content=generic&t_ref=search&paid_fl=n#seq=0
[ 2021 공개채용 ] 온라인 서비스 프론트/백엔드 개발 모집,엠제이콥(주),서울,https://www.saramin.co.kr/zf_user/jobs/relay/view?isMypage=no&rec_idx=39947162&recommend_ids=eJxVzrsBwzAIBNBp0oPgDlRnEO%2B%2FRXCCJaV8fA5cRgSpFyZe8fYvwT%2B6n%2FTAJjNNFnWwCkXvYU07dlNMcLIGFgWaqRdldPKg2HHo4dXZVJM4%2Bg%2B7L6QjOs7mVFjWo9QfrWSbgFg2a9fdfG4qFXNHeSjHelSQAbn5AYMwR6w%3D&view_type=search&searchword=PYTHON&searchType=default_mysearch&gz=1&t_ref_content=generic&t_ref=search&paid_fl=n#seq=0
소프트웨어(SW) 프로그램 개발자 정규직 모집 (신입 무관),(주)그림,경기,https://www.saramin.co.kr/zf_user/jobs/relay/view?isMypage=no&rec_idx=39861590&recommend_ids=eJxVzrsBwzAIBNBp0oPgDlRnEO%2B%2FRXCCJaV8fA5cRgSpFyZe8fYvwT%2B6n%2FTAJjNNFnWwCkXvYU07dlNMcLIGFgWaqRdldPKg2HHo4dXZVJM4%2Bg%2B7L6QjOs7mVFjWo9QfrWSbgFg2a9fdfG4qFXNHeSjHelSQAbn5AYMwR6w%3D&view_type=search&searchword=PYTHON&searchType=default_mysearch&gz=1&t_ref_content=generic&t_ref=search&paid_fl=n#seq=0
"[SIZL 개발부 (송도)]  Front-end//Back-end 경력, 신입 모집",(주)시즐,인천,https://www.saramin.co.kr/zf_user/jobs/relay/view?isMypage=no&rec_idx=39946824&recommend_ids=eJxVzrsBwzAIBNBp0oPgDlRnEO%2B%2FRXCCJaV8fA5cRgSpFyZe8fYvwT%2B6n%2FTAJjNNFnWwCkXvYU07dlNMcLIGFgWaqRdldPKg2HHo4dXZVJM4%2Bg%2B7L6QjOs7mVFjWo9QfrWSbgFg2a9fdfG4qFXNHeSjHelSQAbn5AYMwR6w%3D&view_type=search&searchword=PYTHON&searchType=default_mysearch&gz=1&t_ref_content=generic&t_ref=search&paid_fl=n#seq=0
"안드로이드 APP, WEB (Java/JSP/J2EE) 채용 공고",망고트리(주),부산,https://www.saramin.co.kr/zf_user/jobs/relay/view?isMypage=no&rec_idx=40065230&recommend_ids=eJxVzrsBwzAIBNBp0oPgDlRnEO%2B%2FRXCCJaV8fA5cRgSpFyZe8fYvwT%2B6n%2FTAJjNNFnWwCkXvYU07dlNMcLIGFgWaqRdldPKg2HHo4dXZVJM4%2Bg%2B7L6QjOs7mVFjWo9QfrWSbgFg2a9fdfG4qFXNHeSjHelSQAbn5AYMwR6w%3D&view_type=search&searchword=PYTHON&searchType=default_mysearch&gz=1&t_ref_content=generic&t_ref=search&paid_fl=n#seq=0
[유한건강생활] DBA 인턴 모집 (채용시 마감),(주)유한건강생활,서울,https://www.saramin.co.kr/zf_user/jobs/relay/view?isMypage=no&rec_idx=40068620&recommend_ids=eJxVzrsBwzAIBNBp0oPgDlRnEO%2B%2FRXCCJaV8fA5cRgSpFyZe8fYvwT%2B6n%2FTAJjNNFnWwCkXvYU07dlNMcLIGFgWaqRdldPKg2HHo4dXZVJM4%2Bg%2B7L6QjOs7mVFjWo9QfrWSbgFg2a9fdfG4qFXNHeSjHelSQAbn5AYMwR6w%3D&view_type=search&searchword=PYTHON&searchType=default_mysearch&gz=1&t_ref_content=generic&t_ref=search&paid_fl=n#seq=0
사회적 약자를 위한 따뜻한 마음을 가진 SW개발 인재를 찾습니다,(주)바토너스,대전,https://www.saramin.co.kr/zf_user/jobs/relay/view?isMypage=no&rec_idx=40113264&recommend_ids=eJxVzrsBwzAIBNBp0oPgDlRnEO%2B%2FRXCCJaV8fA5cRgSpFyZe8fYvwT%2B6n%2FTAJjNNFnWwCkXvYU07dlNMcLIGFgWaqRdldPKg2HHo4dXZVJM4%2Bg%2B7L6QjOs7mVFjWo9QfrWSbgFg2a9fdfG4qFXNHeSjHelSQAbn5AYMwR6w%3D&view_type=search&searchword=PYTHON&searchType=default_mysearch&gz=1&t_ref_content=generic&t_ref=search&paid_fl=n#seq=0
[가천대 의대 연구원] 유전체분석 분야 박사 연구원,가천대학교,인천전체,https://www.saramin.co.kr/zf_user/jobs/relay/view?isMypage=no&rec_idx=40244910&recommend_ids=eJxVzrsBwzAIBNBp0oPgDlRnEO%2B%2FRXCCJaV8fA5cRgSpFyZe8fYvwT%2B6n%2FTAJjNNFnWwCkXvYU07dlNMcLIGFgWaqRdldPKg2HHo4dXZVJM4%2Bg%2B7L6QjOs7mVFjWo9QfrWSbgFg2a9fdfG4qFXNHeSjHelSQAbn5AYMwR6w%3D&view_type=search&searchword=PYTHON&searchType=default_mysearch&gz=1&t_ref_content=generic&t_ref=search&paid_fl=n#seq=0
응용프로그램개발(Android앱개발/API 외 3개 부문) 모집,(주)이지테이크,울산,https://www.saramin.co.kr/zf_user/jobs/relay/view?isMypage=no&rec_idx=40208529&recommend_ids=eJxVzrsBwzAIBNBp0oPgDlRnEO%2B%2FRXCCJaV8fA5cRgSpFyZe8fYvwT%2B6n%2FTAJjNNFnWwCkXvYU07dlNMcLIGFgWaqRdldPKg2HHo4dXZVJM4%2Bg%2B7L6QjOs7mVFjWo9QfrWSbgFg2a9fdfG4qFXNHeSjHelSQAbn5AYMwR6w%3D&view_type=search&searchword=PYTHON&searchType=default_mysearch&gz=1&t_ref_content=generic&t_ref=search&paid_fl=n#seq=0
"국제,외국인 학교 전과목분야 티칭 가능하신 전문가 채용",스쿨플래닛엔에듀케이션,서울,https://www.saramin.co.kr/zf_user/jobs/relay/view?isMypage=no&rec_idx=40071183&recommend_ids=eJxVzrsBwzAIBNBp0oPgDlRnEO%2B%2FRXCCJaV8fA5cRgSpFyZe8fYvwT%2B6n%2FTAJjNNFnWwCkXvYU07dlNMcLIGFgWaqRdldPKg2HHo4dXZVJM4%2Bg%2B7L6QjOs7mVFjWo9QfrWSbgFg2a9fdfG4qFXNHeSjHelSQAbn5AYMwR6w%3D&view_type=search&searchword=PYTHON&searchType=default_mysearch&gz=1&t_ref_content=generic&t_ref=search&paid_fl=n#seq=0
자동화 프로그램 개발 신입사원 채용,(주)에스더블유이노베이션,울산,https://www.saramin.co.kr/zf_user/jobs/relay/view?isMypage=no&rec_idx=40218704&recommend_ids=eJxVzrsBwzAIBNBp0oPgDlRnEO%2B%2FRXCCJaV8fA5cRgSpFyZe8fYvwT%2B6n%2FTAJjNNFnWwCkXvYU07dlNMcLIGFgWaqRdldPKg2HHo4dXZVJM4%2Bg%2B7L6QjOs7mVFjWo9QfrWSbgFg2a9fdfG4qFXNHeSjHelSQAbn5AYMwR6w%3D&view_type=search&searchword=PYTHON&searchType=default_mysearch&gz=1&t_ref_content=generic&t_ref=search&paid_fl=n#seq=0
인공지능 음악 서비스 플랫폼 및 인공지능 악기 제품팀 모집,이모션웨이브(주),경기,https://www.saramin.co.kr/zf_user/jobs/relay/view?isMypage=no&rec_idx=40176679&recommend_ids=eJxVzrsBwzAIBNBp0oPgDlRnEO%2B%2FRXCCJaV8fA5cRgSpFyZe8fYvwT%2B6n%2FTAJjNNFnWwCkXvYU07dlNMcLIGFgWaqRdldPKg2HHo4dXZVJM4%2Bg%2B7L6QjOs7mVFjWo9QfrWSbgFg2a9fdfG4qFXNHeSjHelSQAbn5AYMwR6w%3D&view_type=search&searchword=PYTHON&searchType=default_mysearch&gz=1&t_ref_content=generic&t_ref=search&paid_fl=n#seq=0
"2021년 ㅎ주식회사 테라에너지 경력 모집 공고(정규직, 프리랜서",(주)테라에너지,전남,https://www.saramin.co.kr/zf_user/jobs/relay/view?isMypage=no&rec_idx=40278399&recommend_ids=eJxVzrsBwzAIBNBp0oPgDlRnEO%2B%2FRXCCJaV8fA5cRgSpFyZe8fYvwT%2B6n%2FTAJjNNFnWwCkXvYU07dlNMcLIGFgWaqRdldPKg2HHo4dXZVJM4%2Bg%2B7L6QjOs7mVFjWo9QfrWSbgFg2a9fdfG4qFXNHeSjHelSQAbn5AYMwR6w%3D&view_type=search&searchword=PYTHON&searchType=default_mysearch&gz=1&t_ref_content=generic&t_ref=search&paid_fl=n#seq=0
2021년 상반기 성심소프트 SW 개발 담당 신입/경력 채용,(주)성심소프트,대전,https://www.saramin.co.kr/zf_user/jobs/relay/view?isMypage=no&rec_idx=40279883&recommend_ids=eJxVzrsBwzAIBNBp0oPgDlRnEO%2B%2FRXCCJaV8fA5cRgSpFyZe8fYvwT%2B6n%2FTAJjNNFnWwCkXvYU07dlNMcLIGFgWaqRdldPKg2HHo4dXZVJM4%2Bg%2B7L6QjOs7mVFjWo9QfrWSbgFg2a9fdfG4qFXNHeSjHelSQAbn5AYMwR6w%3D&view_type=search&searchword=PYTHON&searchType=default_mysearch&gz=1&t_ref_content=generic&t_ref=search&paid_fl=n#seq=0
[넥슨코리아] 웹 플랫폼 개발자 모집,(주)넥슨,경기,https://www.saramin.co.kr/zf_user/jobs/relay/view?isMypage=no&rec_idx=40243462&recommend_ids=eJxVzrsBwzAIBNBp0oPgDlRnEO%2B%2FRXCCJaV8fA5cRgSpFyZe8fYvwT%2B6n%2FTAJjNNFnWwCkXvYU07dlNMcLIGFgWaqRdldPKg2HHo4dXZVJM4%2Bg%2B7L6QjOs7mVFjWo9QfrWSbgFg2a9fdfG4qFXNHeSjHelSQAbn5AYMwR6w%3D&view_type=search&searchword=PYTHON&searchType=default_mysearch&gz=1&t_ref_content=generic&t_ref=search&paid_fl=n#seq=0
조직문화 담당 (주니어) 모집,(주)스마일게이트엔터테인먼트,경기,https://www.saramin.co.kr/zf_user/jobs/relay/view?isMypage=no&rec_idx=40045771&recommend_ids=eJxVzrsBwzAIBNBp0oPgDlRnEO%2B%2FRXCCJaV8fA5cRgSpFyZe8fYvwT%2B6n%2FTAJjNNFnWwCkXvYU07dlNMcLIGFgWaqRdldPKg2HHo4dXZVJM4%2Bg%2B7L6QjOs7mVFjWo9QfrWSbgFg2a9fdfG4qFXNHeSjHelSQAbn5AYMwR6w%3D&view_type=search&searchword=PYTHON&searchType=default_mysearch&gz=1&t_ref_content=generic&t_ref=search&paid_fl=n#seq=0
[KAIST] 연구원 (중급 SW 개발자) 모집,한국과학기술원,서울,https://www.saramin.co.kr/zf_user/jobs/relay/view?isMypage=no&rec_idx=39849893&recommend_ids=eJxVzrsBwzAIBNBp0oPgDlRnEO%2B%2FRXCCJaV8fA5cRgSpFyZe8fYvwT%2B6n%2FTAJjNNFnWwCkXvYU07dlNMcLIGFgWaqRdldPKg2HHo4dXZVJM4%2Bg%2B7L6QjOs7mVFjWo9QfrWSbgFg2a9fdfG4qFXNHeSjHelSQAbn5AYMwR6w%3D&view_type=search&searchword=PYTHON&searchType=default_mysearch&gz=1&t_ref_content=generic&t_ref=search&paid_fl=n#seq=0
[KAIST] 연구원 (초급 SW 개발자) 모집,한국과학기술원,서울,https://www.saramin.co.kr/zf_user/jobs/relay/view?isMypage=no&rec_idx=39894227&recommend_ids=eJxVzrsBwzAIBNBp0oPgDlRnEO%2B%2FRXCCJaV8fA5cRgSpFyZe8fYvwT%2B6n%2FTAJjNNFnWwCkXvYU07dlNMcLIGFgWaqRdldPKg2HHo4dXZVJM4%2Bg%2B7L6QjOs7mVFjWo9QfrWSbgFg2a9fdfG4qFXNHeSjHelSQAbn5AYMwR6w%3D&view_type=search&searchword=PYTHON&searchType=default_mysearch&gz=1&t_ref_content=generic&t_ref=search&paid_fl=n#seq=0
이화여자대학교 SW중심대학사업단 특별계약교원(특임교수) 채용,이화여자대학교산학협력단,서울,https://www.saramin.co.kr/zf_user/jobs/relay/view?isMypage=no&rec_idx=40269853&recommend_ids=eJxVzrsBwzAIBNBp0oPgDlRnEO%2B%2FRXCCJaV8fA5cRgSpFyZe8fYvwT%2B6n%2FTAJjNNFnWwCkXvYU07dlNMcLIGFgWaqRdldPKg2HHo4dXZVJM4%2Bg%2B7L6QjOs7mVFjWo9QfrWSbgFg2a9fdfG4qFXNHeSjHelSQAbn5AYMwR6w%3D&view_type=search&searchword=PYTHON&searchType=default_mysearch&gz=1&t_ref_content=generic&t_ref=search&paid_fl=n#seq=0
전문연구요원(병역특례) 개발직 모집,(주)아이스크림미디어,경기,https://www.saramin.co.kr/zf_user/jobs/relay/view?isMypage=no&rec_idx=40266878&recommend_ids=eJxVzrsBwzAIBNBp0oPgDlRnEO%2B%2FRXCCJaV8fA5cRgSpFyZe8fYvwT%2B6n%2FTAJjNNFnWwCkXvYU07dlNMcLIGFgWaqRdldPKg2HHo4dXZVJM4%2Bg%2B7L6QjOs7mVFjWo9QfrWSbgFg2a9fdfG4qFXNHeSjHelSQAbn5AYMwR6w%3D&view_type=search&searchword=PYTHON&searchType=default_mysearch&gz=1&t_ref_content=generic&t_ref=search&paid_fl=n#seq=0
"SW 개발자 신입/경력 채용(C++,C#,JAVA,백엔드,딥러닝,PM,기획)",이노뎁(주),서울,https://www.saramin.co.kr/zf_user/jobs/relay/view?isMypage=no&rec_idx=39931530&recommend_ids=eJxVzrsBwzAIBNBp0oPgDlRnEO%2B%2FRXCCJaV8fA5cRgSpFyZe8fYvwT%2B6n%2FTAJjNNFnWwCkXvYU07dlNMcLIGFgWaqRdldPKg2HHo4dXZVJM4%2Bg%2B7L6QjOs7mVFjWo9QfrWSbgFg2a9fdfG4qFXNHeSjHelSQAbn5AYMwR6w%3D&view_type=search&searchword=PYTHON&searchType=default_mysearch&gz=1&t_ref_content=generic&t_ref=search&paid_fl=n#seq=0
중앙제어(주) HW개발 SW개발 신입/경력 모집,중앙제어(주),경기,https://www.saramin.co.kr/zf_user/jobs/relay/view?isMypage=no&rec_idx=39937846&recommend_ids=eJxVzrsBwzAIBNBp0oPgDlRnEO%2B%2FRXCCJaV8fA5cRgSpFyZe8fYvwT%2B6n%2FTAJjNNFnWwCkXvYU07dlNMcLIGFgWaqRdldPKg2HHo4dXZVJM4%2Bg%2B7L6QjOs7mVFjWo9QfrWSbgFg2a9fdfG4qFXNHeSjHelSQAbn5AYMwR6w%3D&view_type=search&searchword=PYTHON&searchType=default_mysearch&gz=1&t_ref_content=generic&t_ref=search&paid_fl=n#seq=0
소만사 정보보호SW 연구개발/QA 모집(신입/경력),(주)소만사,서울,https://www.saramin.co.kr/zf_user/jobs/relay/view?isMypage=no&rec_idx=40280724&recommend_ids=eJxVzrsBwzAIBNBp0oPgDlRnEO%2B%2FRXCCJaV8fA5cRgSpFyZe8fYvwT%2B6n%2FTAJjNNFnWwCkXvYU07dlNMcLIGFgWaqRdldPKg2HHo4dXZVJM4%2Bg%2B7L6QjOs7mVFjWo9QfrWSbgFg2a9fdfG4qFXNHeSjHelSQAbn5AYMwR6w%3D&view_type=search&searchword=PYTHON&searchType=default_mysearch&gz=1&t_ref_content=generic&t_ref=search&paid_fl=n#seq=0
포항공과대학교 스마트팩토리연구센터 연구원채용 공고,(학)포항공과대학교,경북,https://www.saramin.co.kr/zf_user/jobs/relay/view?isMypage=no&rec_idx=40065146&recommend_ids=eJxVzrsBwzAIBNBp0oPgDlRnEO%2B%2FRXCCJaV8fA5cRgSpFyZe8fYvwT%2B6n%2FTAJjNNFnWwCkXvYU07dlNMcLIGFgWaqRdldPKg2HHo4dXZVJM4%2Bg%2B7L6QjOs7mVFjWo9QfrWSbgFg2a9fdfG4qFXNHeSjHelSQAbn5AYMwR6w%3D&view_type=search&searchword=PYTHON&searchType=default_mysearch&gz=1&t_ref_content=generic&t_ref=search&paid_fl=n#seq=0
데이터 분석 및 시각화에 관심 있는 엔지니어 모집,지티플러스(주),서울,https://www.saramin.co.kr/zf_user/jobs/relay/view?isMypage=no&rec_idx=40125786&recommend_ids=eJxVzrsBwzAIBNBp0oPgDlRnEO%2B%2FRXCCJaV8fA5cRgSpFyZe8fYvwT%2B6n%2FTAJjNNFnWwCkXvYU07dlNMcLIGFgWaqRdldPKg2HHo4dXZVJM4%2Bg%2B7L6QjOs7mVFjWo9QfrWSbgFg2a9fdfG4qFXNHeSjHelSQAbn5AYMwR6w%3D&view_type=search&searchword=PYTHON&searchType=default_mysearch&gz=1&t_ref_content=generic&t_ref=search&paid_fl=n#seq=0
㈜지오시스템리서치 직원모집,(주)지오시스템리서치,경기,https://www.saramin.co.kr/zf_user/jobs/relay/view?isMypage=no&rec_idx=40138228&recommend_ids=eJxVzrsBwzAIBNBp0oPgDlRnEO%2B%2FRXCCJaV8fA5cRgSpFyZe8fYvwT%2B6n%2FTAJjNNFnWwCkXvYU07dlNMcLIGFgWaqRdldPKg2HHo4dXZVJM4%2Bg%2B7L6QjOs7mVFjWo9QfrWSbgFg2a9fdfG4qFXNHeSjHelSQAbn5AYMwR6w%3D&view_type=search&searchword=PYTHON&searchType=default_mysearch&gz=1&t_ref_content=generic&t_ref=search&paid_fl=n#seq=0
[청년디지털일자리]서울 본사 SCM/PLM 솔루션 신입 개발자 모집,(주)자이오넥스,서울,https://www.saramin.co.kr/zf_user/jobs/relay/view?isMypage=no&rec_idx=40152495&recommend_ids=eJxVzrsBwzAIBNBp0oPgDlRnEO%2B%2FRXCCJaV8fA5cRgSpFyZe8fYvwT%2B6n%2FTAJjNNFnWwCkXvYU07dlNMcLIGFgWaqRdldPKg2HHo4dXZVJM4%2Bg%2B7L6QjOs7mVFjWo9QfrWSbgFg2a9fdfG4qFXNHeSjHelSQAbn5AYMwR6w%3D&view_type=search&searchword=PYTHON&searchType=default_mysearch&gz=1&t_ref_content=generic&t_ref=search&paid_fl=n#seq=0
(주)에스엠코어  PLC   경력직 채용,(주)에스엠코어,경기,https://www.saramin.co.kr/zf_user/jobs/relay/view?isMypage=no&rec_idx=40198497&recommend_ids=eJxVzrsBwzAIBNBp0oPgDlRnEO%2B%2FRXCCJaV8fA5cRgSpFyZe8fYvwT%2B6n%2FTAJjNNFnWwCkXvYU07dlNMcLIGFgWaqRdldPKg2HHo4dXZVJM4%2Bg%2B7L6QjOs7mVFjWo9QfrWSbgFg2a9fdfG4qFXNHeSjHelSQAbn5AYMwR6w%3D&view_type=search&searchword=PYTHON&searchType=default_mysearch&gz=1&t_ref_content=generic&t_ref=search&paid_fl=n#seq=0
정보보안 제품 UI/시스템 신입/경력 개발자 모집,한국통신인터넷기술(주),서울,https://www.saramin.co.kr/zf_user/jobs/relay/view?isMypage=no&rec_idx=40257284&recommend_ids=eJxVzrsBwzAIBNBp0oPgDlRnEO%2B%2FRXCCJaV8fA5cRgSpFyZe8fYvwT%2B6n%2FTAJjNNFnWwCkXvYU07dlNMcLIGFgWaqRdldPKg2HHo4dXZVJM4%2Bg%2B7L6QjOs7mVFjWo9QfrWSbgFg2a9fdfG4qFXNHeSjHelSQAbn5AYMwR6w%3D&view_type=search&searchword=PYTHON&searchType=default_mysearch&gz=1&t_ref_content=generic&t_ref=search&paid_fl=n#seq=0
빗썸 블록체인 개발 및 보안직군 채용,(주)빗썸코리아,서울,https://www.saramin.co.kr/zf_user/jobs/relay/view?isMypage=no&rec_idx=39968082&recommend_ids=eJxVzrsBwzAIBNBp0oPgDlRnEO%2B%2FRXCCJaV8fA5cRgSpFyZe8fYvwT%2B6n%2FTAJjNNFnWwCkXvYU07dlNMcLIGFgWaqRdldPKg2HHo4dXZVJM4%2Bg%2B7L6QjOs7mVFjWo9QfrWSbgFg2a9fdfG4qFXNHeSjHelSQAbn5AYMwR6w%3D&view_type=search&searchword=PYTHON&searchType=default_mysearch&gz=1&t_ref_content=generic&t_ref=search&paid_fl=n#seq=0
[모트렉스] 연구소 분야별 경력직 채용,모트렉스(주),경기,https://www.saramin.co.kr/zf_user/jobs/relay/view?isMypage=no&rec_idx=40093148&recommend_ids=eJxVzrsBwzAIBNBp0oPgDlRnEO%2B%2FRXCCJaV8fA5cRgSpFyZe8fYvwT%2B6n%2FTAJjNNFnWwCkXvYU07dlNMcLIGFgWaqRdldPKg2HHo4dXZVJM4%2Bg%2B7L6QjOs7mVFjWo9QfrWSbgFg2a9fdfG4qFXNHeSjHelSQAbn5AYMwR6w%3D&view_type=search&searchword=PYTHON&searchType=default_mysearch&gz=1&t_ref_content=generic&t_ref=search&paid_fl=n#seq=0
R&D 소프트웨어 개발 부문 채용,파크시스템스(주),경기,https://www.saramin.co.kr/zf_user/jobs/relay/view?isMypage=no&rec_idx=40110427&recommend_ids=eJxVzrsBwzAIBNBp0oPgDlRnEO%2B%2FRXCCJaV8fA5cRgSpFyZe8fYvwT%2B6n%2FTAJjNNFnWwCkXvYU07dlNMcLIGFgWaqRdldPKg2HHo4dXZVJM4%2Bg%2B7L6QjOs7mVFjWo9QfrWSbgFg2a9fdfG4qFXNHeSjHelSQAbn5AYMwR6w%3D&view_type=search&searchword=PYTHON&searchType=default_mysearch&gz=1&t_ref_content=generic&t_ref=search&paid_fl=n#seq=0
[가온미디어] 소프트웨어 QA 정규직 채용,가온미디어㈜,경기,https://www.saramin.co.kr/zf_user/jobs/relay/view?isMypage=no&rec_idx=40121845&recommend_ids=eJxVzrsBwzAIBNBp0oPgDlRnEO%2B%2FRXCCJaV8fA5cRgSpFyZe8fYvwT%2B6n%2FTAJjNNFnWwCkXvYU07dlNMcLIGFgWaqRdldPKg2HHo4dXZVJM4%2Bg%2B7L6QjOs7mVFjWo9QfrWSbgFg2a9fdfG4qFXNHeSjHelSQAbn5AYMwR6w%3D&view_type=search&searchword=PYTHON&searchType=default_mysearch&gz=1&t_ref_content=generic&t_ref=search&paid_fl=n#seq=0
[솔탑]2021년 각 부문별 경력 개발자 모집,(주)솔탑,대전,https://www.saramin.co.kr/zf_user/jobs/relay/view?isMypage=no&rec_idx=40180617&recommend_ids=eJxVzrsBwzAIBNBp0oPgDlRnEO%2B%2FRXCCJaV8fA5cRgSpFyZe8fYvwT%2B6n%2FTAJjNNFnWwCkXvYU07dlNMcLIGFgWaqRdldPKg2HHo4dXZVJM4%2Bg%2B7L6QjOs7mVFjWo9QfrWSbgFg2a9fdfG4qFXNHeSjHelSQAbn5AYMwR6w%3D&view_type=search&searchword=PYTHON&searchType=default_mysearch&gz=1&t_ref_content=generic&t_ref=search&paid_fl=n#seq=0
PM/개발/시스템엔지니어 경력직 채용,㈜이씨에스텔레콤,서울,https://www.saramin.co.kr/zf_user/jobs/relay/view?isMypage=no&rec_idx=40260948&recommend_ids=eJxVzrsBwzAIBNBp0oPgDlRnEO%2B%2FRXCCJaV8fA5cRgSpFyZe8fYvwT%2B6n%2FTAJjNNFnWwCkXvYU07dlNMcLIGFgWaqRdldPKg2HHo4dXZVJM4%2Bg%2B7L6QjOs7mVFjWo9QfrWSbgFg2a9fdfG4qFXNHeSjHelSQAbn5AYMwR6w%3D&view_type=search&searchword=PYTHON&searchType=default_mysearch&gz=1&t_ref_content=generic&t_ref=search&paid_fl=n#seq=0
"[H/W, F/W, 알고리즘 설계] 신입/경력개발자 모집",(주)라이프사이언스테크놀로지,서울,https://www.saramin.co.kr/zf_user/jobs/relay/view?isMypage=no&rec_idx=39887449&recommend_ids=eJxVzrsBwzAIBNBp0oPgDlRnEO%2B%2FRXCCJaV8fA5cRgSpFyZe8fYvwT%2B6n%2FTAJjNNFnWwCkXvYU07dlNMcLIGFgWaqRdldPKg2HHo4dXZVJM4%2Bg%2B7L6QjOs7mVFjWo9QfrWSbgFg2a9fdfG4qFXNHeSjHelSQAbn5AYMwR6w%3D&view_type=search&searchword=PYTHON&searchType=default_mysearch&gz=1&t_ref_content=generic&t_ref=search&paid_fl=n#seq=0
IT 개발/운영 신입사원 채용,이지스엔터프라이즈(주),서울,https://www.saramin.co.kr/zf_user/jobs/relay/view?isMypage=no&rec_idx=40051571&recommend_ids=eJxVzrsBwzAIBNBp0oPgDlRnEO%2B%2FRXCCJaV8fA5cRgSpFyZe8fYvwT%2B6n%2FTAJjNNFnWwCkXvYU07dlNMcLIGFgWaqRdldPKg2HHo4dXZVJM4%2Bg%2B7L6QjOs7mVFjWo9QfrWSbgFg2a9fdfG4qFXNHeSjHelSQAbn5AYMwR6w%3D&view_type=search&searchword=PYTHON&searchType=default_mysearch&gz=1&t_ref_content=generic&t_ref=search&paid_fl=n#seq=0
(주) 스튜디오미르 2021년  3D 상시채용,(주)스튜디오미르,서울,https://www.saramin.co.kr/zf_user/jobs/relay/view?isMypage=no&rec_idx=40174674&recommend_ids=eJxVzrsBwzAIBNBp0oPgDlRnEO%2B%2FRXCCJaV8fA5cRgSpFyZe8fYvwT%2B6n%2FTAJjNNFnWwCkXvYU07dlNMcLIGFgWaqRdldPKg2HHo4dXZVJM4%2Bg%2B7L6QjOs7mVFjWo9QfrWSbgFg2a9fdfG4qFXNHeSjHelSQAbn5AYMwR6w%3D&view_type=search&searchword=PYTHON&searchType=default_mysearch&gz=1&t_ref_content=generic&t_ref=search&paid_fl=n#seq=0
(주)픽셀플러스 연구원(신입 및 경력) 채용,(주)픽셀플러스,경기,https://www.saramin.co.kr/zf_user/jobs/relay/view?isMypage=no&rec_idx=40223483&recommend_ids=eJxVzrsBwzAIBNBp0oPgDlRnEO%2B%2FRXCCJaV8fA5cRgSpFyZe8fYvwT%2B6n%2FTAJjNNFnWwCkXvYU07dlNMcLIGFgWaqRdldPKg2HHo4dXZVJM4%2Bg%2B7L6QjOs7mVFjWo9QfrWSbgFg2a9fdfG4qFXNHeSjHelSQAbn5AYMwR6w%3D&view_type=search&searchword=PYTHON&searchType=default_mysearch&gz=1&t_ref_content=generic&t_ref=search&paid_fl=n#seq=0
인터넷서비스 DBA 경력사원 채용,다우기술,경기,https://www.saramin.co.kr/zf_user/jobs/relay/view?isMypage=no&rec_idx=40237362&recommend_ids=eJxVzrsBwzAIBNBp0oPgDlRnEO%2B%2FRXCCJaV8fA5cRgSpFyZe8fYvwT%2B6n%2FTAJjNNFnWwCkXvYU07dlNMcLIGFgWaqRdldPKg2HHo4dXZVJM4%2Bg%2B7L6QjOs7mVFjWo9QfrWSbgFg2a9fdfG4qFXNHeSjHelSQAbn5AYMwR6w%3D&view_type=search&searchword=PYTHON&searchType=default_mysearch&gz=1&t_ref_content=generic&t_ref=search&paid_fl=n#seq=0
"(각 분야별) 사물인터넷(IoT), 자바스크립트 백엔드 정규직 채용",(주)베텍,대전,https://www.saramin.co.kr/zf_user/jobs/relay/view?isMypage=no&rec_idx=40144366&recommend_ids=eJxVzrsBwzAIBNBp0oPgDlRnEO%2B%2FRXCCJaV8fA5cRgSpFyZe8fYvwT%2B6n%2FTAJjNNFnWwCkXvYU07dlNMcLIGFgWaqRdldPKg2HHo4dXZVJM4%2Bg%2B7L6QjOs7mVFjWo9QfrWSbgFg2a9fdfG4qFXNHeSjHelSQAbn5AYMwR6w%3D&view_type=search&searchword=PYTHON&searchType=default_mysearch&gz=1&t_ref_content=generic&t_ref=search&paid_fl=n#seq=0
[중견기업/상장사] 선행개발팀 S/W 개발 담당자 모집합니다,(주)나무가,경기,https://www.saramin.co.kr/zf_user/jobs/relay/view?isMypage=no&rec_idx=40220680&recommend_ids=eJxVzrsBwzAIBNBp0oPgDlRnEO%2B%2FRXCCJaV8fA5cRgSpFyZe8fYvwT%2B6n%2FTAJjNNFnWwCkXvYU07dlNMcLIGFgWaqRdldPKg2HHo4dXZVJM4%2Bg%2B7L6QjOs7mVFjWo9QfrWSbgFg2a9fdfG4qFXNHeSjHelSQAbn5AYMwR6w%3D&view_type=search&searchword=PYTHON&searchType=default_mysearch&gz=1&t_ref_content=generic&t_ref=search&paid_fl=n#seq=0
"(주)인피니트헬스케어  RA, SW개발, 시스템엔지니어, 영업 채용",(주)인피니트헬스케어,서울,https://www.saramin.co.kr/zf_user/jobs/relay/view?isMypage=no&rec_idx=40235222&recommend_ids=eJxVzrsBwzAIBNBp0oPgDlRnEO%2B%2FRXCCJaV8fA5cRgSpFyZe8fYvwT%2B6n%2FTAJjNNFnWwCkXvYU07dlNMcLIGFgWaqRdldPKg2HHo4dXZVJM4%2Bg%2B7L6QjOs7mVFjWo9QfrWSbgFg2a9fdfG4qFXNHeSjHelSQAbn5AYMwR6w%3D&view_type=search&searchword=PYTHON&searchType=default_mysearch&gz=1&t_ref_content=generic&t_ref=search&paid_fl=n#seq=0
(주)인피니트헬스케어 재무회계 경력직 모집,(주)인피니트헬스케어,서울,https://www.saramin.co.kr/zf_user/jobs/relay/view?isMypage=no&rec_idx=40235376&recommend_ids=eJxVzrsBwzAIBNBp0oPgDlRnEO%2B%2FRXCCJaV8fA5cRgSpFyZe8fYvwT%2B6n%2FTAJjNNFnWwCkXvYU07dlNMcLIGFgWaqRdldPKg2HHo4dXZVJM4%2Bg%2B7L6QjOs7mVFjWo9QfrWSbgFg2a9fdfG4qFXNHeSjHelSQAbn5AYMwR6w%3D&view_type=search&searchword=PYTHON&searchType=default_mysearch&gz=1&t_ref_content=generic&t_ref=search&paid_fl=n#seq=0
[NICE 계열사] 경력 및 신입 개발자 모집,(주)오케이포스,서울,https://www.saramin.co.kr/zf_user/jobs/relay/view?isMypage=no&rec_idx=40267043&recommend_ids=eJxVzrsBwzAIBNBp0oPgDlRnEO%2B%2FRXCCJaV8fA5cRgSpFyZe8fYvwT%2B6n%2FTAJjNNFnWwCkXvYU07dlNMcLIGFgWaqRdldPKg2HHo4dXZVJM4%2Bg%2B7L6QjOs7mVFjWo9QfrWSbgFg2a9fdfG4qFXNHeSjHelSQAbn5AYMwR6w%3D&view_type=search&searchword=PYTHON&searchType=default_mysearch&gz=1&t_ref_content=generic&t_ref=search&paid_fl=n#seq=0
RPA 개발/운영에 관심있는 인재를(신입) 모십니다.,(주)두잇시스템,서울,https://www.saramin.co.kr/zf_user/jobs/relay/view?isMypage=no&rec_idx=40257760&recommend_ids=eJxVzrsBwzAIBNBp0oPgDlRnEO%2B%2FRXCCJaV8fA5cRgSpFyZe8fYvwT%2B6n%2FTAJjNNFnWwCkXvYU07dlNMcLIGFgWaqRdldPKg2HHo4dXZVJM4%2Bg%2B7L6QjOs7mVFjWo9QfrWSbgFg2a9fdfG4qFXNHeSjHelSQAbn5AYMwR6w%3D&view_type=search&searchword=PYTHON&searchType=default_mysearch&gz=1&t_ref_content=generic&t_ref=search&paid_fl=n#seq=0
[KOG] 인프라팀 시스템 엔지니어,KOG,대구,https://www.saramin.co.kr/zf_user/jobs/relay/view?isMypage=no&rec_idx=40014336&recommend_ids=eJxVzrsBwzAIBNBp0oPgDlRnEO%2B%2FRXCCJaV8fA5cRgSpFyZe8fYvwT%2B6n%2FTAJjNNFnWwCkXvYU07dlNMcLIGFgWaqRdldPKg2HHo4dXZVJM4%2Bg%2B7L6QjOs7mVFjWo9QfrWSbgFg2a9fdfG4qFXNHeSjHelSQAbn5AYMwR6w%3D&view_type=search&searchword=PYTHON&searchType=default_mysearch&gz=1&t_ref_content=generic&t_ref=search&paid_fl=n#seq=0
BioInformatics 분석 담당자/웹 개발자 채용 공고,(주)천랩,서울,https://www.saramin.co.kr/zf_user/jobs/relay/view?isMypage=no&rec_idx=40286069&recommend_ids=eJxVzrsBwzAIBNBp0oPgDlRnEO%2B%2FRXCCJaV8fA5cRgSpFyZe8fYvwT%2B6n%2FTAJjNNFnWwCkXvYU07dlNMcLIGFgWaqRdldPKg2HHo4dXZVJM4%2Bg%2B7L6QjOs7mVFjWo9QfrWSbgFg2a9fdfG4qFXNHeSjHelSQAbn5AYMwR6w%3D&view_type=search&searchword=PYTHON&searchType=default_mysearch&gz=1&t_ref_content=generic&t_ref=search&paid_fl=n#seq=0
SGS Korea RPA 개발자 모집,한국에스지에스(주),경기,https://www.saramin.co.kr/zf_user/jobs/relay/view?isMypage=no&rec_idx=40228239&recommend_ids=eJxVzrsBwzAIBNBp0oPgDlRnEO%2B%2FRXCCJaV8fA5cRgSpFyZe8fYvwT%2B6n%2FTAJjNNFnWwCkXvYU07dlNMcLIGFgWaqRdldPKg2HHo4dXZVJM4%2Bg%2B7L6QjOs7mVFjWo9QfrWSbgFg2a9fdfG4qFXNHeSjHelSQAbn5AYMwR6w%3D&view_type=search&searchword=PYTHON&searchType=default_mysearch&gz=1&t_ref_content=generic&t_ref=search&paid_fl=n#seq=0
SOC 설계 및 디자인 검증 엔지니어,(주)코아시아넥셀,서울,https://www.saramin.co.kr/zf_user/jobs/relay/view?isMypage=no&rec_idx=40266745&recommend_ids=eJxVzrsBwzAIBNBp0oPgDlRnEO%2B%2FRXCCJaV8fA5cRgSpFyZe8fYvwT%2B6n%2FTAJjNNFnWwCkXvYU07dlNMcLIGFgWaqRdldPKg2HHo4dXZVJM4%2Bg%2B7L6QjOs7mVFjWo9QfrWSbgFg2a9fdfG4qFXNHeSjHelSQAbn5AYMwR6w%3D&view_type=search&searchword=PYTHON&searchType=default_mysearch&gz=1&t_ref_content=generic&t_ref=search&paid_fl=n#seq=0
큐알티주식회사 반도체 소프트에러 알고리즘 개발 분야 채용,큐알티 주식회사,경기,https://www.saramin.co.kr/zf_user/jobs/relay/view?isMypage=no&rec_idx=40273219&recommend_ids=eJxVzrsBwzAIBNBp0oPgDlRnEO%2B%2FRXCCJaV8fA5cRgSpFyZe8fYvwT%2B6n%2FTAJjNNFnWwCkXvYU07dlNMcLIGFgWaqRdldPKg2HHo4dXZVJM4%2Bg%2B7L6QjOs7mVFjWo9QfrWSbgFg2a9fdfG4qFXNHeSjHelSQAbn5AYMwR6w%3D&view_type=search&searchword=PYTHON&searchType=default_mysearch&gz=1&t_ref_content=generic&t_ref=search&paid_fl=n#seq=0
"[수원] SW(소프트웨어) Test (QA,검증,테스트엔지니어)-청내공",㈜인피닉,경기,https://www.saramin.co.kr/zf_user/jobs/relay/view?isMypage=no&rec_idx=40228480&recommend_ids=eJxVzrsBwzAIBNBp0oPgDlRnEO%2B%2FRXCCJaV8fA5cRgSpFyZe8fYvwT%2B6n%2FTAJjNNFnWwCkXvYU07dlNMcLIGFgWaqRdldPKg2HHo4dXZVJM4%2Bg%2B7L6QjOs7mVFjWo9QfrWSbgFg2a9fdfG4qFXNHeSjHelSQAbn5AYMwR6w%3D&view_type=search&searchword=PYTHON&searchType=default_mysearch&gz=1&t_ref_content=generic&t_ref=search&paid_fl=n#seq=0
웹 서비스 개발자 모집,코아인텍(주),서울,https://www.saramin.co.kr/zf_user/jobs/relay/view?isMypage=no&rec_idx=40236909&recommend_ids=eJxVzrsBwzAIBNBp0oPgDlRnEO%2B%2FRXCCJaV8fA5cRgSpFyZe8fYvwT%2B6n%2FTAJjNNFnWwCkXvYU07dlNMcLIGFgWaqRdldPKg2HHo4dXZVJM4%2Bg%2B7L6QjOs7mVFjWo9QfrWSbgFg2a9fdfG4qFXNHeSjHelSQAbn5AYMwR6w%3D&view_type=search&searchword=PYTHON&searchType=default_mysearch&gz=1&t_ref_content=generic&t_ref=search&paid_fl=n#seq=0
[국회의사당역/7시간근무]유명 대기업 평가기준실 통계데이터,(주)키스템프,서울,https://www.saramin.co.kr/zf_user/jobs/relay/view?isMypage=no&rec_idx=40237370&recommend_ids=eJxVzrsBwzAIBNBp0oPgDlRnEO%2B%2FRXCCJaV8fA5cRgSpFyZe8fYvwT%2B6n%2FTAJjNNFnWwCkXvYU07dlNMcLIGFgWaqRdldPKg2HHo4dXZVJM4%2Bg%2B7L6QjOs7mVFjWo9QfrWSbgFg2a9fdfG4qFXNHeSjHelSQAbn5AYMwR6w%3D&view_type=search&searchword=PYTHON&searchType=default_mysearch&gz=1&t_ref_content=generic&t_ref=search&paid_fl=n#seq=0
"프론트엔드, 백엔드 개발자 정규직 채용",(주)휴민텍,경기,https://www.saramin.co.kr/zf_user/jobs/relay/view?isMypage=no&rec_idx=40258391&recommend_ids=eJxVzrsBwzAIBNBp0oPgDlRnEO%2B%2FRXCCJaV8fA5cRgSpFyZe8fYvwT%2B6n%2FTAJjNNFnWwCkXvYU07dlNMcLIGFgWaqRdldPKg2HHo4dXZVJM4%2Bg%2B7L6QjOs7mVFjWo9QfrWSbgFg2a9fdfG4qFXNHeSjHelSQAbn5AYMwR6w%3D&view_type=search&searchword=PYTHON&searchType=default_mysearch&gz=1&t_ref_content=generic&t_ref=search&paid_fl=n#seq=0
라온시큐어(주) 개발직군 신입/경력 채용,라온시큐어(주),서울,https://www.saramin.co.kr/zf_user/jobs/relay/view?isMypage=no&rec_idx=40053587&recommend_ids=eJxVzrsBwzAIBNBp0oPgDlRnEO%2B%2FRXCCJaV8fA5cRgSpFyZe8fYvwT%2B6n%2FTAJjNNFnWwCkXvYU07dlNMcLIGFgWaqRdldPKg2HHo4dXZVJM4%2Bg%2B7L6QjOs7mVFjWo9QfrWSbgFg2a9fdfG4qFXNHeSjHelSQAbn5AYMwR6w%3D&view_type=search&searchword=PYTHON&searchType=default_mysearch&gz=1&t_ref_content=generic&t_ref=search&paid_fl=n#seq=0
(주)유토시스 머신 비젼센터/R&D 연구소 상반기 공개 채용,(주)유토시스,경기,https://www.saramin.co.kr/zf_user/jobs/relay/view?isMypage=no&rec_idx=40082884&recommend_ids=eJxVzrsBwzAIBNBp0oPgDlRnEO%2B%2FRXCCJaV8fA5cRgSpFyZe8fYvwT%2B6n%2FTAJjNNFnWwCkXvYU07dlNMcLIGFgWaqRdldPKg2HHo4dXZVJM4%2Bg%2B7L6QjOs7mVFjWo9QfrWSbgFg2a9fdfG4qFXNHeSjHelSQAbn5AYMwR6w%3D&view_type=search&searchword=PYTHON&searchType=default_mysearch&gz=1&t_ref_content=generic&t_ref=search&paid_fl=n#seq=0
"로봇사업부에서 인재를 모십니다. (R&D 개발, 영업)",㈜티라유텍,경기,https://www.saramin.co.kr/zf_user/jobs/relay/view?isMypage=no&rec_idx=40033386&recommend_ids=eJxVzrsBwzAIBNBp0oPgDlRnEO%2B%2FRXCCJaV8fA5cRgSpFyZe8fYvwT%2B6n%2FTAJjNNFnWwCkXvYU07dlNMcLIGFgWaqRdldPKg2HHo4dXZVJM4%2Bg%2B7L6QjOs7mVFjWo9QfrWSbgFg2a9fdfG4qFXNHeSjHelSQAbn5AYMwR6w%3D&view_type=search&searchword=PYTHON&searchType=default_mysearch&gz=1&t_ref_content=generic&t_ref=search&paid_fl=n#seq=0
"솔루션개발본부 신입/경력 채용(DBA-mysql/JAVA/C,C++)",㈜넷앤드,서울,https://www.saramin.co.kr/zf_user/jobs/relay/view?isMypage=no&rec_idx=40147617&recommend_ids=eJxVzrsBwzAIBNBp0oPgDlRnEO%2B%2FRXCCJaV8fA5cRgSpFyZe8fYvwT%2B6n%2FTAJjNNFnWwCkXvYU07dlNMcLIGFgWaqRdldPKg2HHo4dXZVJM4%2Bg%2B7L6QjOs7mVFjWo9QfrWSbgFg2a9fdfG4qFXNHeSjHelSQAbn5AYMwR6w%3D&view_type=search&searchword=PYTHON&searchType=default_mysearch&gz=1&t_ref_content=generic&t_ref=search&paid_fl=n#seq=0
[서울/부산] 아이엔지스토리 백엔드개발자 채용,(주)아이엔지스토리,부산,https://www.saramin.co.kr/zf_user/jobs/relay/view?isMypage=no&rec_idx=40157322&recommend_ids=eJxVzrsBwzAIBNBp0oPgDlRnEO%2B%2FRXCCJaV8fA5cRgSpFyZe8fYvwT%2B6n%2FTAJjNNFnWwCkXvYU07dlNMcLIGFgWaqRdldPKg2HHo4dXZVJM4%2Bg%2B7L6QjOs7mVFjWo9QfrWSbgFg2a9fdfG4qFXNHeSjHelSQAbn5AYMwR6w%3D&view_type=search&searchword=PYTHON&searchType=default_mysearch&gz=1&t_ref_content=generic&t_ref=search&paid_fl=n#seq=0
CTO실 게임보안팀 Anti-Cheat Engineer 모집,(주)원더피플,서울,https://www.saramin.co.kr/zf_user/jobs/relay/view?isMypage=no&rec_idx=40282404&recommend_ids=eJxVzrsBwzAIBNBp0oPgDlRnEO%2B%2FRXCCJaV8fA5cRgSpFyZe8fYvwT%2B6n%2FTAJjNNFnWwCkXvYU07dlNMcLIGFgWaqRdldPKg2HHo4dXZVJM4%2Bg%2B7L6QjOs7mVFjWo9QfrWSbgFg2a9fdfG4qFXNHeSjHelSQAbn5AYMwR6w%3D&view_type=search&searchword=PYTHON&searchType=default_mysearch&gz=1&t_ref_content=generic&t_ref=search&paid_fl=n#seq=0
위성영상 품질관리직무 정규직 채용,(주)에스아이아이에스,대전,https://www.saramin.co.kr/zf_user/jobs/relay/view?isMypage=no&rec_idx=40184433&recommend_ids=eJxVzrsBwzAIBNBp0oPgDlRnEO%2B%2FRXCCJaV8fA5cRgSpFyZe8fYvwT%2B6n%2FTAJjNNFnWwCkXvYU07dlNMcLIGFgWaqRdldPKg2HHo4dXZVJM4%2Bg%2B7L6QjOs7mVFjWo9QfrWSbgFg2a9fdfG4qFXNHeSjHelSQAbn5AYMwR6w%3D&view_type=search&searchword=PYTHON&searchType=default_mysearch&gz=1&t_ref_content=generic&t_ref=search&paid_fl=n#seq=0
"푸드컴퍼니 (주)양유 디자이너, 개발자 모집 (신입/경력)",(주)양유,서울,https://www.saramin.co.kr/zf_user/jobs/relay/view?isMypage=no&rec_idx=40207833&recommend_ids=eJxVzrsBwzAIBNBp0oPgDlRnEO%2B%2FRXCCJaV8fA5cRgSpFyZe8fYvwT%2B6n%2FTAJjNNFnWwCkXvYU07dlNMcLIGFgWaqRdldPKg2HHo4dXZVJM4%2Bg%2B7L6QjOs7mVFjWo9QfrWSbgFg2a9fdfG4qFXNHeSjHelSQAbn5AYMwR6w%3D&view_type=search&searchword=PYTHON&searchType=default_mysearch&gz=1&t_ref_content=generic&t_ref=search&paid_fl=n#seq=0
[방구석연구소] 개발직군 경력 채용,(주)더에스엠씨그룹,서울,https://www.saramin.co.kr/zf_user/jobs/relay/view?isMypage=no&rec_idx=40174409&recommend_ids=eJxVzrsBwzAIBNBp0oPgDlRnEO%2B%2FRXCCJaV8fA5cRgSpFyZe8fYvwT%2B6n%2FTAJjNNFnWwCkXvYU07dlNMcLIGFgWaqRdldPKg2HHo4dXZVJM4%2Bg%2B7L6QjOs7mVFjWo9QfrWSbgFg2a9fdfG4qFXNHeSjHelSQAbn5AYMwR6w%3D&view_type=search&searchword=PYTHON&searchType=default_mysearch&gz=1&t_ref_content=generic&t_ref=search&paid_fl=n#seq=0
한국의료기기공업협동조합,건양,의공,https://bme.konyang.ac.kr//cop/bbs/BBSMSTR_000000000273/selectBoardArticle.do?nttId=180178&kind=&mno=sitemap_02&pageIndex=1&searchCnd=&searchWrd=
한국의료기기안전정보원,건양,의공,https://bme.konyang.ac.kr//cop/bbs/BBSMSTR_000000000273/selectBoardArticle.do?nttId=180177&kind=&mno=sitemap_02&pageIndex=1&searchCnd=&searchWrd=
(주)MEZOO,건양,의공,https://bme.konyang.ac.kr//cop/bbs/BBSMSTR_000000000273/selectBoardArticle.do?nttId=180176&kind=&mno=sitemap_02&pageIndex=1&searchCnd=&searchWrd=
자연과학 채용공고,건양,의공,https://bme.konyang.ac.kr//cop/bbs/BBSMSTR_000000000273/selectBoardArticle.do?nttId=179596&kind=&mno=sitemap_02&pageIndex=1&searchCnd=&searchWrd=
인터페이스 채용공고,건양,의공,https://bme.konyang.ac.kr//cop/bbs/BBSMSTR_000000000273/selectBoardArticle.do?nttId=179595&kind=&mno=sitemap_02&pageIndex=1&searchCnd=&searchWrd=
사이넥스 채용공고,건양,의공,https://bme.konyang.ac.kr//cop/bbs/BBSMSTR_000000000273/selectBoardArticle.do?nttId=179590&kind=&mno=sitemap_02&pageIndex=1&searchCnd=&searchWrd=
동성건설(주) 채용공고,건양,의공,https://bme.konyang.ac.kr//cop/bbs/BBSMSTR_000000000273/selectBoardArticle.do?nttId=179262&kind=&mno=sitemap_02&pageIndex=1&searchCnd=&searchWrd=
Fisher & Paykel Healthcare 서비스 부서 인원 채용공고,건양,의공,https://bme.konyang.ac.kr//cop/bbs/BBSMSTR_000000000273/selectBoardArticle.do?nttId=178620&kind=&mno=sitemap_02&pageIndex=1&searchCnd=&searchWrd=
바이탈에어코리아 정규직 채용,건양,의공,https://bme.konyang.ac.kr//cop/bbs/BBSMSTR_000000000273/selectBoardArticle.do?nttId=178619&kind=&mno=sitemap_02&pageIndex=1&searchCnd=&searchWrd=
딥바이오 RA 채용,건양,의공,https://bme.konyang.ac.kr//cop/bbs/BBSMSTR_000000000273/selectBoardArticle.do?nttId=157643&kind=&mno=sitemap_02&pageIndex=1&searchCnd=&searchWrd=
